{"weights": {"rf": 0.8865698955767914, "xgb": 0.8717897504552675, "lstm": 1.00162002227627, "bollinger": 1.0, "ema": 1.0019693534269951, "macd": 0.9010339728859288, "momentum": 0.8253723119982047, "roc": 1.067380571969526, "rsi": 0.9867063844818244, "sma": 1.0060976203763397, "stochastic": 0.9848881426473465, "trend": 0.8446213901107379}, "bias": 0.004596420796354679, "regime_weights": {"mixed": {"rf": 0.9575567312543897, "xgb": 0.856618414173396, "lstm": 1.1149152185541864, "bollinger": 1.0, "ema": 1.0003038220104676, "macd": 1.0, "momentum": 0.9096090931264157, "roc": 1.079387043155628, "rsi": 0.9768359462149784, "sma": 1.0, "stochastic": 0.9848881426473465, "trend": 0.9156082257883361}, "range": {"rf": 0.7646853877983574, "xgb": 0.8597929053424201, "lstm": 1.0140405792970493, "bollinger": 1.0, "ema": 1.0003038220104676, "macd": 0.8522457309332355, "momentum": 0.7819427511331217, "roc": 1.0648333986969607, "rsi": 0.9867063844818244, "sma": 1.0, "stochastic": 0.9848881426473465, "trend": 0.7227368823323038}, "trend": {"rf": 0.8462963391556322, "xgb": 0.8437114347867876, "lstm": 1.0296983379447497, "bollinger": 1.0, "ema": 1.0003038220104676, "macd": 0.9010339728859288, "momentum": 0.8635537024903965, "roc": 1.0528625187913812, "rsi": 0.9867063844818244, "sma": 1.0, "stochastic": 0.9848881426473465, "trend": 0.8043478336895786}, "volatile": {"rf": 0.8735633804432326, "xgb": 0.8470377226386061, "lstm": 1.0263720500929312, "bollinger": 1.0, "ema": 1.0020189055189745, "macd": 0.9010339728859288, "momentum": 0.8302102968979634, "roc": 1.0525855656113159, "rsi": 0.9867063844818244, "sma": 1.011970376717891, "stochastic": 0.9848881426473465, "trend": 0.831614874977179}}, "regime_bias": {"mixed": 0.07558325647395298, "range": -0.1172880869820794, "trend": -0.03567713562480453, "volatile": -0.008410094337204086}}